Question,Answer,Source Pages,Importance,Concept,Concept Path,Tags
"What are the main components of a computer?","Processor components, Input devices, Output devices, Storage devices.","1-2-3-4-5","10","Components of a computer","Components of a computer","page-1-2-3-4-5,cs,textbook,Processor components,Input devices,Output devices,Storage devices"
"What is the role of the Arithmetic Logic Unit (ALU) in a CPU?","It performs arithmetic and logical operations.","1-2-3-4-5","9","Arithmetic Logic Unit (ALU)","Central Processing Unit (CPU) > Arithmetic Logic Unit (ALU)","page-1-2-3-4-5,cs,textbook,Processor components,Central Processing Unit (CPU)"
"What are the different types of registers in a CPU?","Program Counter, Accumulator, Memory Address Register, Memory Data Register, Current Instruction Register.","1-2-3-4-5","9","Registers","Central Processing Unit (CPU) > Registers","page-1-2-3-4-5,cs,textbook,Central Processing Unit (CPU),Processor components"
"What does the Program Counter (PC) do?","It holds the address of the next instruction to be executed.","1-2-3-4-5","9","Program Counter","Central Processing Unit (CPU) > Registers > Program Counter","page-1-2-3-4-5,cs,textbook,Registers,Central Processing Unit (CPU)"
"What is the function of the Accumulator in a CPU?","It stores intermediate results of arithmetic and logic operations.","1-2-3-4-5","9","Accumulator","Central Processing Unit (CPU) > Registers > Accumulator","page-1-2-3-4-5,cs,textbook,Registers,Central Processing Unit (CPU)"
"What does the Memory Address Register (MAR) do?","It holds the address of data that needs to be accessed from memory.","1-2-3-4-5","9","Memory Address Register (MAR)","Central Processing Unit (CPU) > Registers > Memory Address Register (MAR)","page-1-2-3-4-5,cs,textbook,Registers,Central Processing Unit (CPU)"
"What is the function of the Memory Data Register (MDR)?","It holds the data being transferred to or from memory.","1-2-3-4-5","9","Memory Data Register (MDR)","Central Processing Unit (CPU) > Registers > Memory Data Register (MDR)","page-1-2-3-4-5,cs,textbook,Registers,Central Processing Unit (CPU)"
"What does the Current Instruction Register (CIR) do?","It holds the instruction currently being executed.","1-2-3-4-5","9","Current Instruction Register (CIR)","Central Processing Unit (CPU) > Registers > Current Instruction Register (CIR)","page-1-2-3-4-5,cs,textbook,Registers,Central Processing Unit (CPU)"
"What factors affect processor performance?","Clock speed, number of cores, cache size, and instruction set architecture.","1-2-3-4-5","9","Processor performance","Components of a computer > Processor performance","page-1-2-3-4-5,cs,textbook,Components of a computer"
"What are the main types of input devices?","Keyboard, mouse, scanner, microphone.","1-2-3-4-5","7","Input devices","Components of a computer > Input devices","page-1-2-3-4-5,cs,textbook,Components of a computer"
"What are common output devices?","Monitor, printer, speakers.","1-2-3-4-5","7","Output devices","Components of a computer > Output devices","page-1-2-3-4-5,cs,textbook,Components of a computer"
"What types of storage devices are there?","Hard drives, SSDs, USB flash drives, optical discs.","1-2-3-4-5","8","Storage devices","Components of a computer > Storage devices","page-1-2-3-4-5,cs,textbook,Components of a computer"
"What are the main functions of an operating system?","Managing hardware resources, providing a user interface, managing files and processes.","1-2-3-4-5","9","Functions of an operating system","Systems software > Functions of an operating system","page-1-2-3-4-5,cs,textbook,Systems software"
"What are the types of operating systems?","Batch, time-sharing, distributed, embedded, real-time.","1-2-3-4-5","8","Types of operating system","Systems software > Types of operating system","page-1-2-3-4-5,cs,textbook,Systems software"
"What is the purpose of writing and following algorithms in software development?","To provide a clear set of instructions for solving problems.","1-2-3-4-5","8","Writing and following algorithms","Software development > Writing and following algorithms","page-1-2-3-4-5,cs,textbook,Software development"
"What is pseudocode?","A method for designing algorithms using a structured, human-readable format.","1-2-3-4-5","8","Pseudocode","","page-1-2-3-4-5,cs,textbook,Writing and following algorithms,Software development"
"What are database concepts?","Fundamental ideas about how data is stored, managed, and manipulated.","1-2-3-4-5","8","Database concepts","Exchanging data > Database concepts","page-1-2-3-4-5,cs,textbook,Exchanging data"
"What is SQL?","Structured Query Language used for managing and querying relational databases.","1-2-3-4-5","9","SQL","Exchanging data > Database concepts > SQL","page-1-2-3-4-5,cs,textbook,Database concepts,Exchanging data"
"What operations can be performed using SQL?","Creating, updating, deleting, and querying data in databases.","1-2-3-4-5","9","SQL operations","","page-1-2-3-4-5,cs,textbook,SQL,Database concepts"
"What is the purpose of data compression?","To reduce the size of data for storage or transmission.","1-2-3-4-5","8","Compression","","page-1-2-3-4-5,cs,textbook,Exchanging data"
"What is encryption?","The process of converting data into a coded format to prevent unauthorized access.","1-2-3-4-5","8","Encryption","","page-1-2-3-4-5,cs,textbook,Exchanging data"
"What is hashing in the context of data security?","A process of converting data into a fixed-size string of characters, which is typically a hash value.","1-2-3-4-5","8","Hashing","","page-1-2-3-4-5,cs,textbook,Exchanging data"
"What is the role of a database in data exchange?","To store, retrieve, and manage data efficiently.","1-2-3-4-5","8","Database in data exchange","","page-1-2-3-4-5,cs,textbook,Exchanging data"
"What is relational database normalization?","The process of organizing data to reduce redundancy and improve data integrity.","1-2-3-4-5","8","Relational databases and normalization","","page-1-2-3-4-5,cs,textbook,Database concepts"
"What is transaction processing in databases?","The management of data changes that ensure data integrity and consistency.","1-2-3-4-5","8","Transaction processing","","page-1-2-3-4-5,cs,textbook,Database concepts"
"What are the main components of systems software?","Operating systems, utility software, and application software.","1-2-3-4-5","9","Systems software","Systems software","page-1-2-3-4-5,cs,textbook,Software development"
"What are the main components of the Central Processing Unit (CPU)?","The main components of the CPU are the Control Unit, Arithmetic Logic Unit (ALU), buses, and dedicated registers.","5-6-7-8-9-10","10","Central Processing Unit (CPU)","Central Processing Unit (CPU)","page-5-6-7-8-9-10,cs,textbook,Control Unit,Arithmetic Logic Unit (ALU),Registers,Buses"
"What is the role of the Control Unit in the CPU?","The Control Unit directs the flow of data between the CPU and other devices, manages instruction execution, and coordinates activities of the CPU.","5-6-7-8-9-10","9","Control Unit","Central Processing Unit (CPU) > Control Unit","page-5-6-7-8-9-10,cs,textbook,CPU,Instruction Execution"
"What does the Arithmetic Logic Unit (ALU) do?","The ALU performs arithmetic and logic operations on data.","5-6-7-8-9-10","9","Arithmetic Logic Unit (ALU)","Central Processing Unit (CPU) > Arithmetic Logic Unit (ALU)","page-5-6-7-8-9-10,cs,textbook,CPU,Operations"
"What are the three types of buses in a computer system?","The three types of buses are the data bus, address bus, and control bus.","5-6-7-8-9-10","8","Buses","Central Processing Unit (CPU) > Buses","page-5-6-7-8-9-10,cs,textbook,System Bus,Data Bus,Address Bus,Control Bus"
"What is the function of the data bus?","The data bus transmits data between the CPU and other components.","5-6-7-8-9-10","9","Data Bus","System Bus > Data Bus","page-5-6-7-8-9-10,cs,textbook,Buses,System Bus"
"What is the purpose of the address bus?","The address bus carries addresses from the CPU to memory or I/O devices.","5-6-7-8-9-10","9","Address Bus","System Bus > Address Bus","page-5-6-7-8-9-10,cs,textbook,Buses,Data Transfer"
"What does the control bus do?","The control bus carries control signals between the CPU and other components to manage operations.","5-6-7-8-9-10","9","Control Bus","System Bus > Control Bus","page-5-6-7-8-9-10,cs,textbook,Buses,Control Signals"
"What is the Fetch-Execute Cycle?","The Fetch-Execute Cycle is the process where the CPU fetches an instruction from memory, decodes it, executes it, and stores the result.","5-6-7-8-9-10","9","Fetch-Execute Cycle","Central Processing Unit (CPU) > Fetch-Execute Cycle","page-5-6-7-8-9-10,cs,textbook,CPU,Instruction Execution"
"What is the function of the Program Counter (PC)?","The Program Counter holds the address of the next instruction to be executed.","5-6-7-8-9-10","8","Program Counter","Central Processing Unit (CPU) > Registers > Program Counter","page-5-6-7-8-9-10,cs,textbook,Registers,Fetch-Execute Cycle"
"What is the role of the Accumulator in the CPU?","The Accumulator stores intermediate results of arithmetic and logic operations.","5-6-7-8-9-10","8","Accumulator","Central Processing Unit (CPU) > Registers > Accumulator","page-5-6-7-8-9-10,cs,textbook,Registers,ALU"
"What does the Memory Address Register (MAR) do?","The MAR holds the address of the memory location that the CPU wants to access.","5-6-7-8-9-10","7","Memory Address Register (MAR)","Central Processing Unit (CPU) > Registers > Memory Address Register (MAR)","page-5-6-7-8-9-10,cs,textbook,Registers,Memory Access"
"What is the purpose of the Memory Data Register (MDR)?","The MDR holds the data that is being transferred to or from memory.","5-6-7-8-9-10","7","Memory Data Register (MDR)","Central Processing Unit (CPU) > Registers > Memory Data Register (MDR)","page-5-6-7-8-9-10,cs,textbook,Registers,Data Transfer"
"What does the Current Instruction Register (CIR) do?","The CIR holds the instruction that is currently being executed by the CPU.","5-6-7-8-9-10","7","Current Instruction Register (CIR)","Central Processing Unit (CPU) > Registers > Current Instruction Register (CIR)","page-5-6-7-8-9-10,cs,textbook,Registers,Instruction Execution"
"What is the system bus in a computer architecture?","The system bus is a shared transmission medium that connects the processor, memory, and I/O controllers, consisting of a data bus, address bus, and control bus.","10-11-12","10","System Bus","System Bus","page-10-11-12,cs,textbook,Data Bus,Address Bus,Control Bus"
"What is the function of the data bus?","The data bus provides a bi-directional path for moving data and instructions between system components.","10-11-12","9","Data Bus","System Bus > Data Bus","page-10-11-12,cs,textbook,System Bus"
"What is the role of the address bus in a computer system?","The address bus transmits memory addresses of words used as operands in program instructions, allowing data retrieval and storage.","10-11-12","9","Address Bus","System Bus > Address Bus","page-10-11-12,cs,textbook,System Bus"
"What is the purpose of the control bus?","The control bus transmits command, timing, and specific status information between system components.","10-11-12","9","Control Bus","System Bus > Control Bus","page-10-11-12,cs,textbook,System Bus"
"What does the Bus Request signal indicate?","The Bus Request signal indicates that a device is requesting the use of the data bus.","10-11-12","7","Bus Request","System Bus > Control Bus > Bus Request","page-10-11-12,cs,textbook,Control Bus"
"What does the Bus Grant signal signify?","The Bus Grant signal indicates that the CPU has granted access to the data bus.","10-11-12","7","Bus Grant","System Bus > Control Bus > Bus Grant","page-10-11-12,cs,textbook,Control Bus"
"What is the function of the Memory Write signal?","The Memory Write signal causes data on the data bus to be written into the addressed location.","10-11-12","8","Memory Write","System Bus > Control Bus > Memory Write","page-10-11-12,cs,textbook,Control Bus"
"What does the Memory Read signal do?","The Memory Read signal causes data from the addressed location to be placed on the data bus.","10-11-12","8","Memory Read","System Bus > Control Bus > Memory Read","page-10-11-12,cs,textbook,Control Bus"
"What is the role of the Arithmetic-Logic Unit (ALU)?","The ALU performs arithmetic and logical operations on data, including operations like ADD, SUBTRACT, and logical comparisons.","10-11-12","9","Arithmetic-Logic Unit (ALU)","Arithmetic-Logic Unit (ALU)","page-10-11-12,cs,textbook,CPU,Registers"
"What is the function of the Program Counter (PC)?","The Program Counter holds the address of the next instruction to be executed.","10-11-12","8","Program Counter (PC)","Central Processing Unit (CPU) > Registers > Program Counter (PC)","page-10-11-12,cs,textbook,Registers"
"What does the Current Instruction Register (CIR) contain?","The Current Instruction Register holds the current instruction being executed, divided into operand and opcode.","10-11-12","8","Current Instruction Register (CIR)","Central Processing Unit (CPU) > Registers > Current Instruction Register (CIR)","page-10-11-12,cs,textbook,Registers"
"What is the purpose of the Memory Address Register (MAR)?","The Memory Address Register holds the address of the memory location from which data or instructions are fetched or to which data is written.","10-11-12","8","Memory Address Register (MAR)","Central Processing Unit (CPU) > Registers > Memory Address Register (MAR)","page-10-11-12,cs,textbook,Registers"
"What does the Memory Data Register (MDR) do?","The Memory Data Register temporarily stores the data read from or written to memory, sometimes known as the memory buffer register.","10-11-12","8","Memory Data Register (MDR)","Central Processing Unit (CPU) > Registers > Memory Data Register (MDR)","page-10-11-12,cs,textbook,Registers"
"What are registers in the context of a CPU?","Registers are special memory cells within the CPU that operate at high speed to temporarily hold data during processing.","10-11-12","9","Registers","Central Processing Unit (CPU) > Registers","page-10-11-12,cs,textbook,CPU,ALU"
"What are the main components of a processor and their roles?","The main components of a processor are the Arithmetic Logic Unit (ALU), which performs arithmetic and logical operations, and registers, which are small storage locations used to hold temporary data and instructions for the CPU.","1-2-3-4-5","9","Processor components","Components of a computer > Processor components","cs,textbook,supplementary,page-1-2-3-4-5"
"What are the different types of processors and how do they differ?","Types of processors include single-core, multi-core, and dual-core processors. They differ in the number of execution units they contain, affecting their ability to perform simultaneous tasks and overall performance.","1-2-3-4-5","8","Types of processor","Components of a computer > Types of processor","cs,textbook,supplementary,page-1-2-3-4-5"
"How does the Arithmetic Logic Unit (ALU) contribute to the function of a processor?","The ALU performs all arithmetic (addition, subtraction) and logical (AND, OR, NOT) operations, making it essential for executing instructions and processing data within the CPU.","1-2-3-4-5","9","Processor components","Components of a computer > Processor components","cs,textbook,supplementary,page-1-2-3-4-5"
"What distinguishes a multi-core processor from a single-core processor?","A multi-core processor contains multiple processing units (cores) on a single chip, allowing it to perform multiple tasks simultaneously, while a single-core processor can only handle one task at a time.","1-2-3-4-5","8","Types of processor","Components of a computer > Types of processor","cs,textbook,supplementary,page-1-2-3-4-5"
"What is the role of registers in a processor's operation?","Registers are small, fast storage locations within the CPU that hold data and instructions temporarily during processing, allowing for quick access and manipulation by the ALU and other components.","1-2-3-4-5","9","Processor components","Components of a computer > Processor components","cs,textbook,supplementary,page-1-2-3-4-5"
"What are the main types of processors and how do they differ in functionality?","The main types of processors include Central Processing Units (CPUs), Graphics Processing Units (GPUs), Digital Signal Processors (DSPs), and Application-Specific Integrated Circuits (ASICs). CPUs are general-purpose processors, GPUs are optimized for parallel processing of graphics, DSPs are tailored for signal processing tasks, and ASICs are custom-designed for specific applications.","1-2-3-4-5","8","Types of processor","Components of a computer > Types of processor","cs,textbook,supplementary,page-1-2-3-4-5"
"What are the key components of software development and why are algorithms important?","The key components of software development include writing and following algorithms, which are essential for solving problems systematically. Algorithms provide a step-by-step procedure for computation and are the foundation for programming and software design.","1-2-3-4-5","9","Software development","Software development","cs,textbook,supplementary,page-1-2-3-4-5"
"What are the foundational concepts of exchanging data in computer systems?","Foundational concepts of exchanging data include database concepts such as data storage, retrieval, and management. Understanding how databases facilitate the exchange of information is critical for effective data communication between applications.","1-2-3-4-5","7","Exchanging data","Exchanging data","cs,textbook,supplementary,page-1-2-3-4-5"
"What is an Interrupt Request and how does it function within a control bus?","An Interrupt Request (IRQ) is a signal sent to the processor indicating that an event needs immediate attention. It allows hardware devices to communicate with the CPU and interrupt its current processes, ensuring timely responses to critical events.","10-11-12","8","Interrupt Request","System Bus > Control Bus > Interrupt Request","cs,textbook,supplementary,page-10-11-12"
"What role does the clock play in the control bus of a computer system?","The clock in a control bus generates timing signals that synchronize the operations of various components within the computer. It ensures that all parts of the system operate in unison, coordinating data transfers and processing tasks.","10-11-12","9","Clock","System Bus > Control Bus > Clock","cs,textbook,supplementary,page-10-11-12"
"What is an Interrupt Request and how does it function within the Control Bus?","An Interrupt Request is a signal sent to the CPU indicating that an event needs immediate attention. It allows the CPU to pause its current operations and handle the event, ensuring responsive system behavior.","10-11-12","8","Interrupt Request","System Bus > Control Bus > Interrupt Request","cs,textbook,supplementary,page-10-11-12"
"What role does the Clock play in the Control Bus and how does it affect system operations?","The Clock generates timing signals that synchronize the operations of various components in the computer system, ensuring that data transfers and processing occur in a coordinated manner.","10-11-12","9","Clock","System Bus > Control Bus > Clock","cs,textbook,supplementary,page-10-11-12"
"What is the function of the Memory Address Register (MAR) and its significance in the register architecture?","The Memory Address Register holds the address of the memory location to be accessed, either for reading or writing data. It is essential for directing the CPU to the correct memory location during operations.","5-6-7-8-9-10","7","Memory Address Register","Central Processing Unit (CPU) > Registers > Memory Address Register","cs,textbook,supplementary,page-5-6-7-8-9-10"
"Describe the purpose of the Memory Data Register (MDR) and its role within the register set.","The Memory Data Register temporarily holds data that is being transferred to or from the memory. It acts as a buffer during data transfers between the CPU and memory, ensuring efficient data handling.","5-6-7-8-9-10","7","Memory Data Register","Central Processing Unit (CPU) > Registers > Memory Data Register","cs,textbook,supplementary,page-5-6-7-8-9-10"
"What is the Current Instruction Register (CIR) and how does it contribute to instruction execution?","The Current Instruction Register holds the instruction currently being executed by the CPU. It is crucial for the CPU to decode and execute instructions in the correct sequence.","5-6-7-8-9-10","8","Current Instruction Register","Central Processing Unit (CPU) > Registers > Current Instruction Register","cs,textbook,supplementary,page-5-6-7-8-9-10"
"What is the role of the Memory Address Register (MAR) in a computer system?","The MAR holds the address of the memory location to be accessed, whether for reading or writing data. It plays a crucial role in the fetch-execute cycle of the CPU.","5-6-7-8-9-10","8","Memory Address Register","Central Processing Unit (CPU) > Registers > Memory Address Register","cs,textbook,supplementary,page-5-6-7-8-9-10"
"How does the Memory Data Register (MDR) function in relation to the Memory Address Register (MAR)?","The MDR temporarily holds the data that is being transferred to or from the memory location specified by the MAR. It acts as a buffer for data during memory operations.","5-6-7-8-9-10","8","Memory Data Register","Central Processing Unit (CPU) > Registers > Memory Data Register","cs,textbook,supplementary,page-5-6-7-8-9-10"
"What is the purpose of the Current Instruction Register (CIR) in the CPU?","The CIR holds the instruction currently being executed by the CPU. It is crucial for decoding and executing instructions as part of the instruction cycle.","5-6-7-8-9-10","9","Current Instruction Register","Central Processing Unit (CPU) > Registers > Current Instruction Register","cs,textbook,supplementary,page-5-6-7-8-9-10"
"What role does the Current Instruction Register (CIR) play in the execution of instructions within a CPU?","The Current Instruction Register holds the instruction that is currently being executed by the CPU, ensuring that the control unit can decode and execute it properly.","5-6-7-8-9-10","9","Current Instruction Register","Central Processing Unit (CPU) > Registers > Current Instruction Register","cs,textbook,supplementary,page-5-6-7-8-9-10"
"How does the Current Instruction Register interact with other registers in the CPU?","The Current Instruction Register works closely with the Program Counter (PC), which points to the next instruction to be fetched, while the CIR holds the instruction currently being executed.","5-6-7-8-9-10","8","Current Instruction Register","Central Processing Unit (CPU) > Registers > Current Instruction Register","cs,textbook,supplementary,page-5-6-7-8-9-10"
"Why is the Current Instruction Register essential for the operation of the control unit in a CPU?","The CIR is essential because it allows the control unit to retrieve, decode, and execute the instruction currently in process, functioning as a critical link in the instruction execution cycle.","5-6-7-8-9-10","10","Current Instruction Register","Central Processing Unit (CPU) > Registers > Current Instruction Register","cs,textbook,supplementary,page-5-6-7-8-9-10"
"In what way does the Current Instruction Register differ from the Memory Address Register (MAR)?","The Current Instruction Register holds the instruction being executed, while the Memory Address Register holds the address of the memory location to be accessed, thus serving different functions in the CPU.","5-6-7-8-9-10","7","Current Instruction Register","Central Processing Unit (CPU) > Registers > Current Instruction Register","cs,textbook,supplementary,page-5-6-7-8-9-10"
"How does the size of the Current Instruction Register influence the types of instructions a CPU can execute?","The size of the Current Instruction Register determines the maximum length of instructions that can be processed, affecting the complexity and capability of the instruction set architecture.","5-6-7-8-9-10","6","Current Instruction Register","Central Processing Unit (CPU) > Registers > Current Instruction Register","cs,textbook,supplementary,page-5-6-7-8-9-10"
